Book Name,Author,Rating,Price
It Starts With Us,Colleen Hoover,4.7 out of 5 stars,₹382.00
War of Lanka (Ram Chandra Series Book 4),Amish Tripathi,4.1 out of 5 stars,₹249.00
"Seven Moons of Maali Almeida, The: WINNER OF THE 2022 BOOKER PRIZE",Shehan Karunatilaka,4.3 out of 5 stars,₹280.00
The Power of Your Subconscious Mind,Joseph Murphy,4.5 out of 5 stars,₹99.00
Atomic Habits: The life-changing million copy bestseller: the life-changing million-copy #1 bestseller,James Clear,4.7 out of 5 stars,₹414.00
The Psychology of Money,Morgan Housel,4.6 out of 5 stars,₹224.00
Ikigai: The Japanese secret to a long and happy life,Héctor García,4.6 out of 5 stars,₹257.00
It Ends With Us: A Novel: Volume 1,Colleen Hoover,4.5 out of 5 stars,₹275.00
My First Library: Boxset of 10 Board Books for Kids,Wonder House Books,4.5 out of 5 stars,₹379.00
"Do It Today: Overcome Procrastination, Improve Productivity",Darius Foroux,4.4 out of 5 stars,₹97.00
Indian Polity ( English| 6th Revised Edition) | UPSC | Civil Services Exam | State Administrative Exams,M Laxmikanth,4.5 out of 5 stars,₹549.00
"Little Colouring Books for Kids (Set of 10 Books) - Gift to children for painting, drawing and colouring - Alphabets, Animals, Birds, Flags, Flowers, ... Transport, Vegetables - 3 to 6 years old",Maple Press,4.3 out of 5 stars,₹119.00
"Life's Amazing Secrets: How to Find Balance and Purpose in Your Life | Inspirational Zen book on motivation, self-development & healthy living",Gaur Gopal Das,4.6 out of 5 stars,₹160.00
Rich Dad Poor Dad : What The Rich Teach Their Kids About Money That The Poor And Middle Class Do Not!: (25th Anniversary Edition),Robert T. Kiyosaki,4.6 out of 5 stars,₹285.00
How to Win Friends and Influence People,Dale Carnegie,4.5 out of 5 stars,₹99.00
"Grandma's Bag of Stories: Collection of 20+ Illustrated short stories, traditional Indian folk tales for all ages for children of all ages by Sudha Murty",Sudha Murty,4.6 out of 5 stars,₹155.00
Picture Books Collection for Early Learning (Set of 12),E C Axus,4.3 out of 5 stars,₹198.00
You Can,George Matthew Adams,4.4 out of 5 stars,₹99.00
Brijbhoomi Books And Handicrafts® Bhagavad Gita: Yatharoop,Brijbhoomi Books And Handicrafts,4.8 out of 5 stars,₹202.00
Word Power Made Easy,Norman Lewis,4.4 out of 5 stars,₹95.00
World’s Greatest Books For Personal Growth & Wealth (Set of 4 Books): Perfect Motivational Gift Set,Dale Carnegie,4.5 out of 5 stars,₹284.00
Brain Activity Book for Kids - 200+ Activities for Age 3+,Maple Press,4.5 out of 5 stars,₹90.00
"My First Mythology Tale (Illustrated) (Set of 5 Books) - Mahabharata, Krishna, Hanuman, Ganesha, Ramayana - Story Book for Kids",Maple Press,4.4 out of 5 stars,₹190.00
"Oxford Student Atlas for India, Fourth Edition - Useful for Competitive Exams",Oxford University Press,4.5 out of 5 stars,₹213.00
The Wisdom Bridge: Nine Principles to a Life that Echoes in the Hearts of Your Loved Ones,Kamlesh D. Patel,5.0 out of 5 stars,₹287.00
My First Book of Pencil Control : Practice Pattern Writing (Full Color Pages): Patterns Practice book for kids (Pattern Writing),Wonder House Books,4.4 out of 5 stars,₹89.00
Oswaal CBSE Question Bank Class 10 Science Book based on Latest Board Sample Paper released on 16th Sep 2022 (For 2023 Exam),Oswaal Editorial Board,4.3 out of 5 stars,₹372.00
Think & Grow Rich (Hindi),Napoleon Hill,4.3 out of 5 stars,₹85.00
The Subtle Art of Not Giving a F*ck: A Counterintuitive Approach to Living a Good Life,Mark Manson,4.5 out of 5 stars,₹249.00
Man's Search For Meaning: The classic tribute to hope from the Holocaust,Viktor E Frankl,4.5 out of 5 stars,₹165.00
